GEOID,tract,county,state,hhincome,race.tot,race.white,race.black
13063040307,Census Tract 403.07,Clayton County,Georgia,37064,4939,1442,1784
13063040512,Census Tract 405.12,Clayton County,Georgia,36414,5478,351,4996
13063040519,Census Tract 405.19,Clayton County,Georgia,32568,4380,35,4178
13063040617,Census Tract 406.17,Clayton County,Georgia,33182,1418,941,147
13067030224,Census Tract 302.24,Cobb County,Georgia,73061,6318,4019,1262
13067030235,Census Tract 302.35,Cobb County,Georgia,104265,4862,3904,682
13067030313,Census Tract 303.13,Cobb County,Georgia,93817,9073,6391,1416
13067030412,Census Tract 304.12,Cobb County,Georgia,38668,5018,2221,2165
13067031002,Census Tract 310.02,Cobb County,Georgia,33037,9787,3286,2853
13089020200,Census Tract 202,DeKalb County,Georgia,87889,2045,1704,187
13089020600,Census Tract 206,DeKalb County,Georgia,43295,2102,794,1109
13089021213,Census Tract 212.13,DeKalb County,Georgia,147550,3687,3363,62
13089021415,Census Tract 214.15,DeKalb County,Georgia,104226,3678,2775,208
13089021810,Census Tract 218.10,DeKalb County,Georgia,68837,5593,3181,1901
13089022800,Census Tract 228,DeKalb County,Georgia,128393,4273,2796,833
13089023114,Census Tract 231.14,DeKalb County,Georgia,50889,2869,586,2009
13089023506,Census Tract 235.06,DeKalb County,Georgia,42301,6474,434,5812
13121000700,Census Tract 7,Fulton County,Georgia,71214,3121,789,2133
13121002400,Census Tract 24,Fulton County,Georgia,30972,2645,117,2491
13121002900,Census Tract 29,Fulton County,Georgia,63112,2385,1307,880
13121004800,Census Tract 48,Fulton County,Georgia,16413,1158,233,752
13121005502,Census Tract 55.02,Fulton County,Georgia,19469,2523,120,2403
13121006300,Census Tract 63,Fulton County,Georgia,24893,1384,94,1277
13121006802,Census Tract 68.02,Fulton County,Georgia,9815,2180,0,2136
13121006900,Census Tract 69,Fulton County,Georgia,71359,3861,1748,1834
13121008202,Census Tract 82.02,Fulton County,Georgia,27454,2090,74,2016
13121009404,Census Tract 94.04,Fulton County,Georgia,73649,4475,3268,716
13121010515,Census Tract 105.15,Fulton County,Georgia,43316,5553,777,4735
13121011405,Census Tract 114.05,Fulton County,Georgia,63890,7375,4702,2101
13121012000,Census Tract 120,Fulton County,Georgia,28902,2850,168,2548
13063040204,Census Tract 402.04,Clayton County,Georgia,39194,4101,144,3901
13063040412,Census Tract 404.12,Clayton County,Georgia,43321,7607,1395,4676
13063040514,Census Tract 405.14,Clayton County,Georgia,44922,7793,974,6214
13063040615,Census Tract 406.15,Clayton County,Georgia,66250,1926,436,1413
13067030209,Census Tract 302.09,Cobb County,Georgia,87430,7370,5130,1473
13067030322,Census Tract 303.22,Cobb County,Georgia,97629,3420,2706,515
13067030341,Census Tract 303.41,Cobb County,Georgia,100154,4368,3627,399
13067030413,Census Tract 304.13,Cobb County,Georgia,51126,5639,3135,1752
13067030902,Census Tract 309.02,Cobb County,Georgia,60820,6019,3079,1284
13067031110,Census Tract 311.10,Cobb County,Georgia,63269,3385,2453,387
13067031113,Census Tract 311.13,Cobb County,Georgia,35625,1300,379,641
13067031311,Census Tract 313.11,Cobb County,Georgia,43030,10043,1880,7250
13067031508,Census Tract 315.08,Cobb County,Georgia,74313,5805,2457,2372
13089020900,Census Tract 209,DeKalb County,Georgia,66536,5811,2836,2790
13089021211,Census Tract 212.11,DeKalb County,Georgia,102500,5120,3970,396
13089021305,Census Tract 213.05,DeKalb County,Georgia,49487,5275,3192,1049
13089021412,Census Tract 214.12,DeKalb County,Georgia,119297,3667,3052,134
13089021605,Census Tract 216.05,DeKalb County,Georgia,69509,6128,3690,1636
13089021814,Census Tract 218.14,DeKalb County,Georgia,34887,5700,2432,2107
13089022004,Census Tract 220.04,DeKalb County,Georgia,50431,6031,709,4150
13089023101,Census Tract 231.01,DeKalb County,Georgia,49667,4718,730,3731
13089023115,Census Tract 231.15,DeKalb County,Georgia,NA,2272,215,1844
13089023213,Census Tract 232.13,DeKalb County,Georgia,43821,6797,109,6102
13089023314,Census Tract 233.14,DeKalb County,Georgia,51339,5801,139,5505
13089023425,Census Tract 234.25,DeKalb County,Georgia,59966,5076,133,4809
13089023507,Census Tract 235.07,DeKalb County,Georgia,44385,4098,130,3712
13089980000,Census Tract 9800,DeKalb County,Georgia,NA,0,0,0
13121001201,Census Tract 12.01,Fulton County,Georgia,58603,4030,3204,477
13121001600,Census Tract 16,Fulton County,Georgia,66806,2304,1717,432
13121002500,Census Tract 25,Fulton County,Georgia,26066,2271,99,2092
13121003600,Census Tract 36,Fulton County,Georgia,41372,1358,166,1081
13121006602,Census Tract 66.02,Fulton County,Georgia,20170,1356,1,1308
13121007400,Census Tract 74,Fulton County,Georgia,17796,3435,238,2641
13121007705,Census Tract 77.05,Fulton County,Georgia,22592,4618,86,4483
13121008201,Census Tract 82.01,Fulton County,Georgia,31037,5555,157,5311
13121008904,Census Tract 89.04,Fulton County,Georgia,78924,4889,3872,587
13121009602,Census Tract 96.02,Fulton County,Georgia,101689,4953,3791,812
13121010117,Census Tract 101.17,Fulton County,Georgia,55782,3969,1631,1820
13121010210,Census Tract 102.10,Fulton County,Georgia,72979,6426,4513,1481
13121010508,Census Tract 105.08,Fulton County,Georgia,46983,3503,171,3273
13121011411,Census Tract 114.11,Fulton County,Georgia,70663,8284,6491,1354
13121011420,Census Tract 114.20,Fulton County,Georgia,41275,8309,4776,1799
13121011610,Census Tract 116.10,Fulton County,Georgia,102656,5967,4783,620
13121011625,Census Tract 116.25,Fulton County,Georgia,107175,7891,4361,801
13067030215,Census Tract 302.15,Cobb County,Georgia,73199,9655,7251,1374
13067030409,Census Tract 304.09,Cobb County,Georgia,117721,3452,2999,198
13067031507,Census Tract 315.07,Cobb County,Georgia,55845,3954,983,2738
13089020500,Census Tract 205,DeKalb County,Georgia,55208,3305,1656,1286
13089021204,Census Tract 212.04,DeKalb County,Georgia,26523,3555,1895,93
13089021413,Census Tract 214.13,DeKalb County,Georgia,42143,4450,2617,372
13089021813,Census Tract 218.13,DeKalb County,Georgia,35991,2997,1164,1595
13089023411,Census Tract 234.11,DeKalb County,Georgia,37479,4282,93,4161
13121001700,Census Tract 17,Fulton County,Georgia,60069,4439,2106,2010
13121003700,Census Tract 37,Fulton County,Georgia,22679,136,0,136
13121005700,Census Tract 57,Fulton County,Georgia,19698,1708,37,1621
13121008903,Census Tract 89.03,Fulton County,Georgia,71548,1824,881,583
13067030329,Census Tract 303.29,Cobb County,Georgia,108995,4741,3734,308
13089022203,Census Tract 222.03,DeKalb County,Georgia,53819,2098,1024,655
13089021409,Census Tract 214.09,DeKalb County,Georgia,46985,3901,1895,1533
13067030234,Census Tract 302.34,Cobb County,Georgia,111250,6678,4751,1508
13067030901,Census Tract 309.01,Cobb County,Georgia,65973,8242,5356,2489
13089021303,Census Tract 213.03,DeKalb County,Georgia,38710,6297,3553,533
13089023316,Census Tract 233.16,DeKalb County,Georgia,61860,7992,390,7280
13121004400,Census Tract 44,Fulton County,Georgia,18030,2516,101,2353
13121008101,Census Tract 81.01,Fulton County,Georgia,31833,1301,12,1289
13121010601,Census Tract 106.01,Fulton County,Georgia,29786,3603,1121,2379
13063040306,Census Tract 403.06,Clayton County,Georgia,27372,4090,1335,1891
13067030311,Census Tract 303.11,Cobb County,Georgia,96214,6054,4953,336
13067030332,Census Tract 303.32,Cobb County,Georgia,119712,3565,2821,55
13067030337,Census Tract 303.37,Cobb County,Georgia,151719,4418,3998,147
13067031116,Census Tract 311.16,Cobb County,Georgia,29763,4661,1950,1329
13089021906,Census Tract 219.06,DeKalb County,Georgia,41963,5624,866,4009
13089023428,Census Tract 234.28,DeKalb County,Georgia,39641,9758,229,9338
13121001001,Census Tract 10.01,Fulton County,Georgia,80132,2740,1559,280
13121001800,Census Tract 18,Fulton County,Georgia,42159,4336,1960,1997
13121003100,Census Tract 31,Fulton County,Georgia,46467,1974,1234,696
13121009403,Census Tract 94.03,Fulton County,Georgia,45102,4833,2458,1142
13121011505,Census Tract 115.05,Fulton County,Georgia,179000,4446,3934,279
13121000100,Census Tract 1,Fulton County,Georgia,149450,5183,4725,104
13121001100,Census Tract 11,Fulton County,Georgia,99205,4356,3205,356
13121001202,Census Tract 12.02,Fulton County,Georgia,83063,4141,2835,725
13121001500,Census Tract 15,Fulton County,Georgia,63464,4637,3834,479
13121002800,Census Tract 28,Fulton County,Georgia,26059,5005,1603,2787
13121003000,Census Tract 30,Fulton County,Georgia,94079,3325,2733,285
13121003500,Census Tract 35,Fulton County,Georgia,55585,2175,775,1255
13121004200,Census Tract 42,Fulton County,Georgia,18569,2546,298,2248
13121004300,Census Tract 43,Fulton County,Georgia,28287,3060,479,2289
13121004900,Census Tract 49,Fulton County,Georgia,77875,2565,1518,862
13121005200,Census Tract 52,Fulton County,Georgia,93580,5661,3985,1261
13121005300,Census Tract 53,Fulton County,Georgia,93456,3619,2413,897
13121005800,Census Tract 58,Fulton County,Georgia,31625,1924,313,1504
13121006000,Census Tract 60,Fulton County,Georgia,35549,3643,130,3457
13121006100,Census Tract 61,Fulton County,Georgia,29276,3758,48,3658
13121006500,Census Tract 65,Fulton County,Georgia,39274,4726,741,3651
13121006601,Census Tract 66.01,Fulton County,Georgia,36250,2087,329,1715
13121006700,Census Tract 67,Fulton County,Georgia,23017,4051,187,3810
13121007500,Census Tract 75,Fulton County,Georgia,23563,3280,325,2846
13121007604,Census Tract 76.04,Fulton County,Georgia,18537,2536,67,2277
13121007704,Census Tract 77.04,Fulton County,Georgia,30497,5852,299,5393
13121007900,Census Tract 79,Fulton County,Georgia,54467,5455,179,5263
13121008500,Census Tract 85,Fulton County,Georgia,28364,2546,48,2463
13121008700,Census Tract 87,Fulton County,Georgia,29583,5178,465,4699
13121008902,Census Tract 89.02,Fulton County,Georgia,57142,6766,3989,2023
13121009000,Census Tract 90,Fulton County,Georgia,105197,5248,4257,424
13121009601,Census Tract 96.01,Fulton County,Georgia,94265,2670,2199,227
13121009603,Census Tract 96.03,Fulton County,Georgia,75987,4401,3315,774
13121010001,Census Tract 100.01,Fulton County,Georgia,103894,4935,3793,462
13121010110,Census Tract 101.10,Fulton County,Georgia,70456,6668,4707,1197
13121010114,Census Tract 101.14,Fulton County,Georgia,66186,6738,5080,805
13121010123,Census Tract 101.23,Fulton County,Georgia,69479,5140,3237,1495
13121010205,Census Tract 102.05,Fulton County,Georgia,111103,5151,4769,89
13121010303,Census Tract 103.03,Fulton County,Georgia,63209,10581,17,10397
13121010400,Census Tract 104,Fulton County,Georgia,50294,8290,3877,3970
13121010510,Census Tract 105.10,Fulton County,Georgia,38223,14706,1794,12351
13121010800,Census Tract 108,Fulton County,Georgia,44828,6622,2752,2844
13121011100,Census Tract 111,Fulton County,Georgia,51848,2420,1013,1319
13121011305,Census Tract 113.05,Fulton County,Georgia,25823,5463,118,5166
13121011412,Census Tract 114.12,Fulton County,Georgia,85333,9214,6880,1121
13121011424,Census Tract 114.24,Fulton County,Georgia,104861,5875,4148,827
13121011426,Census Tract 114.26,Fulton County,Georgia,101500,2461,1948,186
13121011504,Census Tract 115.04,Fulton County,Georgia,193419,13253,12255,378
13121011616,Census Tract 116.16,Fulton County,Georgia,71145,5631,2967,862
13089020300,Census Tract 203,DeKalb County,Georgia,113088,4151,3681,146
13089020700,Census Tract 207,DeKalb County,Georgia,53833,2231,1286,813
13089021101,Census Tract 211.01,DeKalb County,Georgia,162159,3722,3126,262
13089021209,Census Tract 212.09,DeKalb County,Georgia,72317,6200,4216,652
13089021215,Census Tract 212.15,DeKalb County,Georgia,97894,6251,2864,321
13089021306,Census Tract 213.06,DeKalb County,Georgia,49835,5198,3137,759
13089021405,Census Tract 214.05,DeKalb County,Georgia,135020,4585,4073,168
13121011621,Census Tract 116.21,Fulton County,Georgia,155842,7000,4385,489
13121011624,Census Tract 116.24,Fulton County,Georgia,184830,4295,2782,272
13121011626,Census Tract 116.26,Fulton County,Georgia,94803,10191,5287,1446
13089021410,Census Tract 214.10,DeKalb County,Georgia,55208,5382,4373,578
13089021502,Census Tract 215.02,DeKalb County,Georgia,69215,4633,3216,627
13089021604,Census Tract 216.04,DeKalb County,Georgia,150625,3101,2535,251
13089021706,Census Tract 217.06,DeKalb County,Georgia,81033,5252,3528,860
13089021806,Census Tract 218.06,DeKalb County,Georgia,51174,6614,3063,2856
13089021909,Census Tract 219.09,DeKalb County,Georgia,33601,7519,910,6426
13089021912,Census Tract 219.12,DeKalb County,Georgia,144844,3914,2416,1140
13089022001,Census Tract 220.01,DeKalb County,Georgia,68327,4512,3300,850
13089022009,Census Tract 220.09,DeKalb County,Georgia,37086,5260,323,4098
13089022301,Census Tract 223.01,DeKalb County,Georgia,66260,5825,4616,475
13089023000,Census Tract 230,DeKalb County,Georgia,66250,2121,1813,217
13089023107,Census Tract 231.07,DeKalb County,Georgia,42688,4603,925,3118
13089023209,Census Tract 232.09,DeKalb County,Georgia,54907,6058,451,5447
13089023211,Census Tract 232.11,DeKalb County,Georgia,53563,3593,24,3463
13089023306,Census Tract 233.06,DeKalb County,Georgia,61975,7161,187,6652
13089023311,Census Tract 233.11,DeKalb County,Georgia,77065,4937,214,4537
13089023414,Census Tract 234.14,DeKalb County,Georgia,58316,6571,116,6316
13089023418,Census Tract 234.18,DeKalb County,Georgia,48509,18039,1128,16759
13089023422,Census Tract 234.22,DeKalb County,Georgia,60313,5705,77,5505
13063040410,Census Tract 404.10,Clayton County,Georgia,45051,7047,2172,3955
13063040413,Census Tract 404.13,Clayton County,Georgia,55666,7242,1314,4552
13063040415,Census Tract 404.15,Clayton County,Georgia,36500,6019,1154,4225
13089023427,Census Tract 234.27,DeKalb County,Georgia,65265,2763,183,2444
13089023601,Census Tract 236.01,DeKalb County,Georgia,68217,3092,880,2051
13089023802,Census Tract 238.02,DeKalb County,Georgia,41276,4599,1116,3062
13063040518,Census Tract 405.18,Clayton County,Georgia,41375,5287,801,4024
13063040521,Census Tract 405.21,Clayton County,Georgia,30550,3349,459,2491
13063040526,Census Tract 405.26,Clayton County,Georgia,50752,6545,691,5655
13063040608,Census Tract 406.08,Clayton County,Georgia,60957,11792,1679,9184
13063040620,Census Tract 406.20,Clayton County,Georgia,60893,4065,639,3047
13063980000,Census Tract 9800,Clayton County,Georgia,NA,0,0,0
13067030107,Census Tract 301.07,Cobb County,Georgia,83697,5209,3280,1521
13067030214,Census Tract 302.14,Cobb County,Georgia,80086,7939,6318,1143
13067030219,Census Tract 302.19,Cobb County,Georgia,108099,10410,8280,1194
13067030220,Census Tract 302.20,Cobb County,Georgia,85509,1729,1208,292
13067030222,Census Tract 302.22,Cobb County,Georgia,92587,5573,4663,512
13067030226,Census Tract 302.26,Cobb County,Georgia,80265,10164,5794,2978
13067030229,Census Tract 302.29,Cobb County,Georgia,55738,6314,4581,1222
13067030230,Census Tract 302.30,Cobb County,Georgia,65966,13533,8660,3677
13067030231,Census Tract 302.31,Cobb County,Georgia,100777,7487,6314,696
13067030232,Census Tract 302.32,Cobb County,Georgia,109602,6346,3469,2218
13067030236,Census Tract 302.36,Cobb County,Georgia,145240,4629,4030,466
13067030238,Census Tract 302.38,Cobb County,Georgia,117352,6961,5787,853
13067030312,Census Tract 303.12,Cobb County,Georgia,78185,5902,4799,636
13067030320,Census Tract 303.20,Cobb County,Georgia,84238,7429,5337,743
13067030331,Census Tract 303.31,Cobb County,Georgia,108750,6107,5285,562
13067030336,Census Tract 303.36,Cobb County,Georgia,153313,7359,6278,56
13067030342,Census Tract 303.42,Cobb County,Georgia,109601,4726,4091,160
13067030407,Census Tract 304.07,Cobb County,Georgia,71364,5179,4012,728
13067030414,Census Tract 304.14,Cobb County,Georgia,38625,3272,772,2214
13067030505,Census Tract 305.05,Cobb County,Georgia,49619,7001,3605,2753
13067030507,Census Tract 305.07,Cobb County,Georgia,75938,5145,3751,815
13067030905,Census Tract 309.05,Cobb County,Georgia,54167,8302,2868,3124
13067031112,Census Tract 311.12,Cobb County,Georgia,112500,5385,3815,1086
13067031117,Census Tract 311.17,Cobb County,Georgia,93631,5621,3666,1265
13067031208,Census Tract 312.08,Cobb County,Georgia,69737,5773,2616,1004
13067031307,Census Tract 313.07,Cobb County,Georgia,70839,5927,3191,1607
13067031309,Census Tract 313.09,Cobb County,Georgia,48313,7582,1980,4793
13067031408,Census Tract 314.08,Cobb County,Georgia,51228,5932,2089,3456
13067031503,Census Tract 315.03,Cobb County,Georgia,62896,10363,4266,5220
13067031509,Census Tract 315.09,Cobb County,Georgia,70565,11459,3905,6523
13121000600,Census Tract 6,Fulton County,Georgia,50969,6350,3191,1100
13067031211,Census Tract 312.11,Cobb County,Georgia,67489,4413,2160,1865
13089020400,Census Tract 204,DeKalb County,Georgia,78681,2574,2297,74
13067031207,Census Tract 312.07,Cobb County,Georgia,77895,4612,2417,761
13121010113,Census Tract 101.13,Fulton County,Georgia,51344,5339,2628,1077
13089021417,Census Tract 214.17,DeKalb County,Georgia,47616,6152,2949,686
13089021503,Census Tract 215.03,DeKalb County,Georgia,52434,3970,2623,499
13089021602,Census Tract 216.02,DeKalb County,Georgia,68750,3849,3159,280
13089021705,Census Tract 217.05,DeKalb County,Georgia,41481,5009,2336,1371
13089021805,Census Tract 218.05,DeKalb County,Georgia,57297,7038,3477,2187
13089021809,Census Tract 218.09,DeKalb County,Georgia,91528,7201,5904,555
13089021812,Census Tract 218.12,DeKalb County,Georgia,63690,2186,1606,270
13089021910,Census Tract 219.10,DeKalb County,Georgia,41951,5366,718,4028
13089021911,Census Tract 219.11,DeKalb County,Georgia,23532,2324,130,2153
13089021913,Census Tract 219.13,DeKalb County,Georgia,30962,4799,470,4160
13089022008,Census Tract 220.08,DeKalb County,Georgia,26577,8226,1118,2950
13089022010,Census Tract 220.10,DeKalb County,Georgia,58182,2354,470,810
13089022204,Census Tract 222.04,DeKalb County,Georgia,47421,7541,3387,1765
13089022302,Census Tract 223.02,DeKalb County,Georgia,74500,4384,3135,425
13063040202,Census Tract 402.02,Clayton County,Georgia,31524,2647,277,2064
13063040308,Census Tract 403.08,Clayton County,Georgia,25159,4222,1753,1868
13067030334,Census Tract 303.34,Cobb County,Georgia,106250,3379,2689,239
13067030335,Census Tract 303.35,Cobb County,Georgia,140179,4837,4255,158
13067030340,Census Tract 303.40,Cobb County,Georgia,138372,3947,3411,124
13067030343,Census Tract 303.43,Cobb County,Georgia,113482,4451,3851,159
13063040407,Census Tract 404.07,Clayton County,Georgia,45768,3866,848,1824
13063040409,Census Tract 404.09,Clayton County,Georgia,42280,6052,1208,3505
13063040411,Census Tract 404.11,Clayton County,Georgia,69158,13385,1698,10032
13063040416,Census Tract 404.16,Clayton County,Georgia,53094,3465,808,1346
13063040417,Census Tract 404.17,Clayton County,Georgia,35128,5366,715,4165
13063040510,Census Tract 405.10,Clayton County,Georgia,43833,3563,266,2990
13063040513,Census Tract 405.13,Clayton County,Georgia,64038,4559,706,3348
13063040520,Census Tract 405.20,Clayton County,Georgia,32414,4113,166,3542
13063040522,Census Tract 405.22,Clayton County,Georgia,33333,4611,743,3319
13063040524,Census Tract 405.24,Clayton County,Georgia,43407,8024,1245,6170
13067030345,Census Tract 303.45,Cobb County,Georgia,66117,4582,1067,1497
13067030405,Census Tract 304.05,Cobb County,Georgia,48781,6299,3832,2045
13067030411,Census Tract 304.11,Cobb County,Georgia,36394,3097,1137,1805
13067030502,Census Tract 305.02,Cobb County,Georgia,96148,7246,4760,1214
13067030504,Census Tract 305.04,Cobb County,Georgia,72306,6569,3958,1426
13067030506,Census Tract 305.06,Cobb County,Georgia,62415,4614,3079,992
13067030602,Census Tract 306.02,Cobb County,Georgia,84304,6528,5553,744
13067030800,Census Tract 308,Cobb County,Georgia,39648,5650,3356,1255
13063040606,Census Tract 406.06,Clayton County,Georgia,44063,3745,1748,1679
13063040611,Census Tract 406.11,Clayton County,Georgia,30318,6600,1434,3904
13063040613,Census Tract 406.13,Clayton County,Georgia,52431,8203,2633,5117
13063040616,Census Tract 406.16,Clayton County,Georgia,48285,8698,1272,6715
13063040621,Census Tract 406.21,Clayton County,Georgia,52705,10351,1493,8088
13067030101,Census Tract 301.01,Cobb County,Georgia,81010,7787,6988,427
13067030904,Census Tract 309.04,Cobb County,Georgia,38818,7119,2642,2868
13067031001,Census Tract 310.01,Cobb County,Georgia,26719,5035,2358,1522
13067031004,Census Tract 310.04,Cobb County,Georgia,40161,7814,2505,3268
13067031106,Census Tract 311.06,Cobb County,Georgia,70933,9099,4246,3415
13067031111,Census Tract 311.11,Cobb County,Georgia,82757,3496,1962,1199
13067031115,Census Tract 311.15,Cobb County,Georgia,66309,4679,1905,1653
13067031118,Census Tract 311.18,Cobb County,Georgia,77795,5862,3199,1620
13067031206,Census Tract 312.06,Cobb County,Georgia,77623,10996,4484,4648
13067031209,Census Tract 312.09,Cobb County,Georgia,139792,4745,3280,898
13067030103,Census Tract 301.03,Cobb County,Georgia,76602,9627,5758,2842
13067030239,Census Tract 302.39,Cobb County,Georgia,118327,7978,7199,598
13067030324,Census Tract 303.24,Cobb County,Georgia,96940,3602,3001,405
13067030327,Census Tract 303.27,Cobb County,Georgia,103125,4701,3666,352
13067030330,Census Tract 303.30,Cobb County,Georgia,110060,6318,4468,382
13067031212,Census Tract 312.12,Cobb County,Georgia,152500,2403,2159,52
13067031308,Census Tract 313.08,Cobb County,Georgia,47373,5514,2595,2117
13067031310,Census Tract 313.10,Cobb County,Georgia,32000,7538,1935,4526
13067031313,Census Tract 313.13,Cobb County,Georgia,110750,9933,4608,4456
13067031405,Census Tract 314.05,Cobb County,Georgia,61593,8183,3140,3751
13067031409,Census Tract 314.09,Cobb County,Georgia,42265,5800,2075,3231
13067031505,Census Tract 315.05,Cobb County,Georgia,64214,6326,2502,3438
13089022403,Census Tract 224.03,DeKalb County,Georgia,151037,3903,3444,142
13089022600,Census Tract 226,DeKalb County,Georgia,79806,5907,4625,920
13089022700,Census Tract 227,DeKalb County,Georgia,102604,4818,3395,902
13089022900,Census Tract 229,DeKalb County,Georgia,73472,3465,2287,926
13089023102,Census Tract 231.02,DeKalb County,Georgia,39703,3574,1271,2048
13089023112,Census Tract 231.12,DeKalb County,Georgia,26870,4958,213,4425
13089023113,Census Tract 231.13,DeKalb County,Georgia,31984,2914,816,1927
13089023206,Census Tract 232.06,DeKalb County,Georgia,50142,7770,768,6650
13089023208,Census Tract 232.08,DeKalb County,Georgia,40182,6735,624,5623
13089023212,Census Tract 232.12,DeKalb County,Georgia,61510,3984,122,3708
13089023303,Census Tract 233.03,DeKalb County,Georgia,45134,6900,386,5698
13089023309,Census Tract 233.09,DeKalb County,Georgia,46220,9596,148,9039
13089023310,Census Tract 233.10,DeKalb County,Georgia,33879,9469,285,8877
13089023315,Census Tract 233.15,DeKalb County,Georgia,66818,5489,308,4930
13089023410,Census Tract 234.10,DeKalb County,Georgia,30250,4165,63,3892
13089023412,Census Tract 234.12,DeKalb County,Georgia,47004,5648,131,5381
13089023413,Census Tract 234.13,DeKalb County,Georgia,52457,3788,137,3600
13089020802,Census Tract 208.02,DeKalb County,Georgia,57204,4764,1810,2729
13089021102,Census Tract 211.02,DeKalb County,Georgia,83628,5693,4442,764
13089021202,Census Tract 212.02,DeKalb County,Georgia,99928,8093,6795,774
13089021210,Census Tract 212.10,DeKalb County,Georgia,152011,5679,5040,99
13089021214,Census Tract 212.14,DeKalb County,Georgia,140481,6128,5395,216
13089021216,Census Tract 212.16,DeKalb County,Georgia,84889,7834,4754,1311
13089021217,Census Tract 212.17,DeKalb County,Georgia,88000,2198,1602,388
13089021307,Census Tract 213.07,DeKalb County,Georgia,49468,3975,2266,365
13089021308,Census Tract 213.08,DeKalb County,Georgia,46496,4189,2355,398
13089021411,Census Tract 214.11,DeKalb County,Georgia,96071,3400,2858,254
13089021416,Census Tract 214.16,DeKalb County,Georgia,79844,2391,1665,185
13089023419,Census Tract 234.19,DeKalb County,Georgia,64205,10254,250,9665
13089023421,Census Tract 234.21,DeKalb County,Georgia,40399,8287,168,7543
13089023423,Census Tract 234.23,DeKalb County,Georgia,73042,7820,249,7343
13089023426,Census Tract 234.26,DeKalb County,Georgia,72250,4767,57,4660
13089023504,Census Tract 235.04,DeKalb County,Georgia,27270,3536,175,3191
13089023602,Census Tract 236.02,DeKalb County,Georgia,39524,2349,202,2077
13089023603,Census Tract 236.03,DeKalb County,Georgia,31125,3696,293,3240
13089023801,Census Tract 238.01,DeKalb County,Georgia,69036,4027,1321,2440
13121010119,Census Tract 101.19,Fulton County,Georgia,43621,5314,1990,2920
13121010121,Census Tract 101.21,Fulton County,Georgia,86402,2200,1857,117
13121010204,Census Tract 102.04,Fulton County,Georgia,163214,5075,4800,86
13121010206,Census Tract 102.06,Fulton County,Georgia,177188,5880,5168,253
13121010212,Census Tract 102.12,Fulton County,Georgia,52270,5332,3488,409
13121010301,Census Tract 103.01,Fulton County,Georgia,65340,17958,1571,16075
13121010507,Census Tract 105.07,Fulton County,Georgia,39190,8190,348,7415
13121010511,Census Tract 105.11,Fulton County,Georgia,58173,7714,371,7138
13121010513,Census Tract 105.13,Fulton County,Georgia,43931,13303,2377,10493
13121010514,Census Tract 105.14,Fulton County,Georgia,56991,13563,2034,11345
13121010603,Census Tract 106.03,Fulton County,Georgia,29066,4213,28,3897
13121011000,Census Tract 110,Fulton County,Georgia,27344,3375,823,2528
13121011201,Census Tract 112.01,Fulton County,Georgia,35470,3876,648,3081
13121011301,Census Tract 113.01,Fulton County,Georgia,51148,4478,741,3268
13121011306,Census Tract 113.06,Fulton County,Georgia,34907,2356,303,1997
13121000200,Census Tract 2,Fulton County,Georgia,116094,6282,5722,251
13121001002,Census Tract 10.02,Fulton County,Georgia,27250,6998,3655,1340
13121001300,Census Tract 13,Fulton County,Georgia,66223,4655,3069,1093
13121001400,Census Tract 14,Fulton County,Georgia,86333,2281,1997,71
13121001900,Census Tract 19,Fulton County,Georgia,62222,5188,2467,1609
13121002300,Census Tract 23,Fulton County,Georgia,27674,1500,109,1369
13121002600,Census Tract 26,Fulton County,Georgia,26350,1777,46,1617
13121003200,Census Tract 32,Fulton County,Georgia,84350,2251,1756,212
13121003800,Census Tract 38,Fulton County,Georgia,22150,4091,834,2853
13121004000,Census Tract 40,Fulton County,Georgia,28191,2522,69,2438
13121007001,Census Tract 70.01,Fulton County,Georgia,26436,4797,97,4505
13121007100,Census Tract 71,Fulton County,Georgia,22500,2266,248,1994
13121007602,Census Tract 76.02,Fulton County,Georgia,34136,2737,33,2671
13121011410,Census Tract 114.10,Fulton County,Georgia,116102,6866,5863,459
13121007703,Census Tract 77.03,Fulton County,Georgia,42150,4403,42,4314
13121007706,Census Tract 77.06,Fulton County,Georgia,36369,9593,278,9119
13121007807,Census Tract 78.07,Fulton County,Georgia,21912,3564,60,3238
13121007808,Census Tract 78.08,Fulton County,Georgia,12266,4447,0,4206
13121008102,Census Tract 81.02,Fulton County,Georgia,24940,6876,193,6353
13121008301,Census Tract 83.01,Fulton County,Georgia,27023,2556,58,2487
13121008400,Census Tract 84,Fulton County,Georgia,21708,2785,373,2330
13121008601,Census Tract 86.01,Fulton County,Georgia,21846,3943,67,3835
13121008800,Census Tract 88,Fulton County,Georgia,95524,4665,3158,1026
13121009101,Census Tract 91.01,Fulton County,Georgia,76981,4551,3432,458
13121009200,Census Tract 92,Fulton County,Georgia,65957,6800,4616,1154
13121009300,Census Tract 93,Fulton County,Georgia,100844,4916,4421,367
13121009502,Census Tract 95.02,Fulton County,Georgia,89298,3592,2601,558
13121009700,Census Tract 97,Fulton County,Georgia,200179,3855,3351,337
13121009801,Census Tract 98.01,Fulton County,Georgia,105536,4787,4311,270
13121009900,Census Tract 99,Fulton County,Georgia,124643,4980,4570,43
13121010108,Census Tract 101.08,Fulton County,Georgia,148000,3662,2959,362
13121010115,Census Tract 101.15,Fulton County,Georgia,116923,2526,2011,402
13121011414,Census Tract 114.14,Fulton County,Georgia,72663,8019,4852,1967
13121011417,Census Tract 114.17,Fulton County,Georgia,96538,5147,4194,299
13121011422,Census Tract 114.22,Fulton County,Georgia,64402,3914,2941,545
13121011423,Census Tract 114.23,Fulton County,Georgia,116250,4936,4242,255
13121011425,Census Tract 114.25,Fulton County,Georgia,198808,7369,5428,148
13121011427,Census Tract 114.27,Fulton County,Georgia,108295,7947,6094,505
13121011503,Census Tract 115.03,Fulton County,Georgia,147394,10811,8972,707
13121011611,Census Tract 116.11,Fulton County,Georgia,59095,8461,5596,1668
13121011613,Census Tract 116.13,Fulton County,Georgia,101902,7109,4249,1151
13121011615,Census Tract 116.15,Fulton County,Georgia,136921,10427,8065,915
13121011617,Census Tract 116.17,Fulton County,Georgia,106367,7653,5064,1088
13121011622,Census Tract 116.22,Fulton County,Georgia,137643,10206,4016,1132
13121011800,Census Tract 118,Fulton County,Georgia,16087,2198,423,1581
13121011900,Census Tract 119,Fulton County,Georgia,26032,3289,1230,1871
13121012300,Census Tract 123,Fulton County,Georgia,48155,2599,919,1496
13089021218,Census Tract 212.18,DeKalb County,Georgia,55709,6088,2670,2375
13089021703,Census Tract 217.03,DeKalb County,Georgia,134712,4618,3811,382
13089022007,Census Tract 220.07,DeKalb County,Georgia,30606,4131,200,2012
13089022500,Census Tract 225,DeKalb County,Georgia,78555,6512,3927,2105
13089023111,Census Tract 231.11,DeKalb County,Georgia,59306,2311,284,1879
13089023214,Census Tract 232.14,DeKalb County,Georgia,49304,6264,101,6126
13089023424,Census Tract 234.24,DeKalb County,Georgia,62054,5730,274,5370
13089023700,Census Tract 237,DeKalb County,Georgia,45077,6211,1018,4812
13121980000,Census Tract 9800,Fulton County,Georgia,NA,0,0,0
13121004100,Census Tract 41,Fulton County,Georgia,38519,2127,154,1931
13121005000,Census Tract 50,Fulton County,Georgia,79250,2013,1462,457
13121007002,Census Tract 70.02,Fulton County,Georgia,34286,2548,79,2351
13121007802,Census Tract 78.02,Fulton County,Georgia,44932,10402,70,10157
13121008302,Census Tract 83.02,Fulton County,Georgia,28949,1653,21,1622
13121009402,Census Tract 94.02,Fulton County,Georgia,69034,4957,2941,825
13121009802,Census Tract 98.02,Fulton County,Georgia,158800,4648,3832,268
13121010512,Census Tract 105.12,Fulton County,Georgia,30819,6497,240,6061
13121011202,Census Tract 112.02,Fulton County,Georgia,40150,4169,1640,2251
13121011419,Census Tract 114.19,Fulton County,Georgia,105714,5427,4435,513
13121011506,Census Tract 115.06,Fulton County,Georgia,155980,5937,5562,81
13063040408,Census Tract 404.08,Clayton County,Georgia,37224,8346,1775,4628
13063040523,Census Tract 405.23,Clayton County,Georgia,44353,3092,259,2264
13063040614,Census Tract 406.14,Clayton County,Georgia,68030,4525,2266,1747
13067030104,Census Tract 301.04,Cobb County,Georgia,50000,3580,2641,608
13067030223,Census Tract 302.23,Cobb County,Georgia,66722,6347,3869,1899
13067030233,Census Tract 302.33,Cobb County,Georgia,104167,4394,2921,1137
13067030310,Census Tract 303.10,Cobb County,Georgia,71193,8383,6561,1251
13067030326,Census Tract 303.26,Cobb County,Georgia,139118,4526,3798,253
13121011619,Census Tract 116.19,Fulton County,Georgia,80469,8621,4360,1017
13067030339,Census Tract 303.39,Cobb County,Georgia,61542,5669,3883,989
13067030700,Census Tract 307,Cobb County,Georgia,41972,4653,2244,1609
13067031205,Census Tract 312.05,Cobb County,Georgia,81528,6262,2936,2657
13067031312,Census Tract 313.12,Cobb County,Georgia,69528,9916,3456,5716
13121009501,Census Tract 95.01,Fulton County,Georgia,149688,3631,3524,47
13121010002,Census Tract 100.02,Fulton County,Georgia,138864,7624,6753,221
13121011623,Census Tract 116.23,Fulton County,Georgia,104164,11870,6370,700
13063040619,Census Tract 406.19,Clayton County,Georgia,62500,2532,389,1919
13067030106,Census Tract 301.06,Cobb County,Georgia,51653,7402,4055,2328
13089023505,Census Tract 235.05,DeKalb County,Georgia,37179,2876,75,2613
13121010208,Census Tract 102.08,Fulton County,Georgia,56897,4695,2816,1530
13089021603,Census Tract 216.03,DeKalb County,Georgia,58000,4697,3095,997
13089021808,Census Tract 218.08,DeKalb County,Georgia,73750,5268,3058,1051
13089021908,Census Tract 219.08,DeKalb County,Georgia,30985,5931,761,4394
13089022005,Census Tract 220.05,DeKalb County,Georgia,32262,5218,987,3452
13063040203,Census Tract 402.03,Clayton County,Georgia,36786,3573,73,3390
13121007806,Census Tract 78.06,Fulton County,Georgia,31192,7035,593,6425
13121011416,Census Tract 114.16,Fulton County,Georgia,103813,5344,4262,500
13063040302,Census Tract 403.02,Clayton County,Georgia,33190,6029,1741,2917
13067030319,Census Tract 303.19,Cobb County,Georgia,102736,4266,3559,100
13067030408,Census Tract 304.08,Cobb County,Georgia,61307,2843,2026,436
13067031506,Census Tract 315.06,Cobb County,Georgia,50601,4826,2294,1985
13067031101,Census Tract 311.01,Cobb County,Georgia,51506,5123,2346,1227
13067031114,Census Tract 311.14,Cobb County,Georgia,42732,8034,3131,2872
13067031404,Census Tract 314.04,Cobb County,Georgia,72108,6055,2827,2991
13063040303,Census Tract 403.03,Clayton County,Georgia,37236,6782,1901,3924
13063040515,Census Tract 405.15,Clayton County,Georgia,42407,8029,1041,5953
13063040612,Census Tract 406.12,Clayton County,Georgia,29157,7282,1748,4809
13067030218,Census Tract 302.18,Cobb County,Georgia,137260,5280,3833,714
13067030227,Census Tract 302.27,Cobb County,Georgia,62581,7860,4944,1760
13067030328,Census Tract 303.28,Cobb County,Georgia,125707,6557,5270,599
13067030344,Census Tract 303.44,Cobb County,Georgia,45915,3726,1238,1872
13089020100,Census Tract 201,DeKalb County,Georgia,174526,2076,1966,36
13089020801,Census Tract 208.01,DeKalb County,Georgia,92594,2619,1508,914
13089021504,Census Tract 215.04,DeKalb County,Georgia,58519,5106,3710,527
13089021907,Census Tract 219.07,DeKalb County,Georgia,50257,8711,1821,6502
13089022402,Census Tract 224.02,DeKalb County,Georgia,38944,6188,2902,860
13089023204,Census Tract 232.04,DeKalb County,Georgia,50500,6923,1030,5637
13089023501,Census Tract 235.01,DeKalb County,Georgia,31591,3419,218,3147
13121000500,Census Tract 5,Fulton County,Georgia,85750,5572,3848,1136
13121003900,Census Tract 39,Fulton County,Georgia,36174,2522,29,2471
13121005501,Census Tract 55.01,Fulton County,Georgia,30469,2298,469,1695
13121006200,Census Tract 62,Fulton County,Georgia,27115,1664,111,1482
13121007300,Census Tract 73,Fulton County,Georgia,24465,7880,268,7273
13121009102,Census Tract 91.02,Fulton County,Georgia,54174,3160,1987,717
13121010107,Census Tract 101.07,Fulton County,Georgia,174875,2004,1919,35
13121010209,Census Tract 102.09,Fulton County,Georgia,60614,5836,2788,2419
13121011421,Census Tract 114.21,Fulton County,Georgia,47428,4451,2384,1359
13121011614,Census Tract 116.14,Fulton County,Georgia,74191,14013,7273,3116
13089021208,Census Tract 212.08,DeKalb County,Georgia,67850,4273,2990,449
13089021301,Census Tract 213.01,DeKalb County,Georgia,50081,4219,1961,1163
13089021414,Census Tract 214.14,DeKalb County,Georgia,45966,4092,1629,1333
13089021704,Census Tract 217.04,DeKalb County,Georgia,93529,5770,4401,469
13089022100,Census Tract 221,DeKalb County,Georgia,34479,3280,726,2047
13089022401,Census Tract 224.01,DeKalb County,Georgia,86366,3708,2987,347
13089023108,Census Tract 231.08,DeKalb County,Georgia,31078,4498,303,3967
13089023210,Census Tract 232.10,DeKalb County,Georgia,39583,6762,328,6342
13089023312,Census Tract 233.12,DeKalb County,Georgia,65716,10131,421,9273
13089023416,Census Tract 234.16,DeKalb County,Georgia,64215,6811,193,6572
13089023803,Census Tract 238.03,DeKalb County,Georgia,46055,5844,951,4674
13121010304,Census Tract 103.04,Fulton County,Georgia,79397,16085,914,14835
13121010516,Census Tract 105.16,Fulton County,Georgia,50030,9424,353,8553
13121011303,Census Tract 113.03,Fulton County,Georgia,45000,9355,847,7735
13121011418,Census Tract 114.18,Fulton County,Georgia,130653,6435,6049,358
13121011620,Census Tract 116.20,Fulton County,Georgia,120227,10558,6935,889
13121006801,Census Tract 68.01,Fulton County,Georgia,NA,2494,686,1376
13121007603,Census Tract 76.03,Fulton County,Georgia,13792,4613,63,4473
13121008000,Census Tract 80,Fulton County,Georgia,41450,5965,131,5776
13121008602,Census Tract 86.02,Fulton County,Georgia,36815,1348,104,1208
13121010106,Census Tract 101.06,Fulton County,Georgia,74167,4382,3075,1161
13121010122,Census Tract 101.22,Fulton County,Georgia,78542,6635,2668,831
13063040414,Census Tract 404.14,Clayton County,Georgia,35000,1988,771,955
13063040516,Census Tract 405.16,Clayton County,Georgia,43485,5835,630,4489
13063040609,Census Tract 406.09,Clayton County,Georgia,57092,5887,1324,3744
13063040622,Census Tract 406.22,Clayton County,Georgia,48278,8244,1568,5318
13067030410,Census Tract 304.10,Cobb County,Georgia,57319,4719,3533,863
13067030601,Census Tract 306.01,Cobb County,Georgia,62893,9006,4504,2585
13067031005,Census Tract 310.05,Cobb County,Georgia,63617,5417,2214,1829
13067031306,Census Tract 313.06,Cobb County,Georgia,59981,4251,2031,1873
13067031406,Census Tract 314.06,Cobb County,Georgia,34437,8184,2459,5272
13067030314,Census Tract 303.14,Cobb County,Georgia,99899,8429,6594,632
13063040509,Census Tract 405.09,Clayton County,Georgia,59773,4375,299,3823
13067030228,Census Tract 302.28,Cobb County,Georgia,46363,7426,5207,1640
13067031108,Census Tract 311.08,Cobb County,Georgia,50752,4939,2583,2062
13121006400,Census Tract 64,Fulton County,Georgia,43690,1075,337,522
13121010118,Census Tract 101.18,Fulton County,Georgia,43902,6028,3288,2113
13067030318,Census Tract 303.18,Cobb County,Georgia,144698,7778,6902,41
13121007805,Census Tract 78.05,Fulton County,Georgia,33255,3540,49,3426
13121011618,Census Tract 116.18,Fulton County,Georgia,110335,4709,2841,545
13067030333,Census Tract 303.33,Cobb County,Georgia,119177,5857,4699,332
13089023313,Census Tract 233.13,DeKalb County,Georgia,47010,5579,55,5179
13121010120,Census Tract 101.20,Fulton County,Georgia,67727,2486,1642,578
13121002100,Census Tract 21,Fulton County,Georgia,51250,2640,773,1626
13063040525,Census Tract 405.25,Clayton County,Georgia,41819,3083,284,2553
13121010211,Census Tract 102.11,Fulton County,Georgia,138393,2738,2672,29
13121000400,Census Tract 4,Fulton County,Georgia,91857,1805,1525,202
13121007200,Census Tract 72,Fulton County,Georgia,24722,2307,25,2154
13121010604,Census Tract 106.04,Fulton County,Georgia,33133,2898,263,2342
13121011612,Census Tract 116.12,Fulton County,Georgia,110329,3387,2390,125
